First Name,Last Name,Country,Car Brand,Car Model,Car Color,Year of Manufacture,Credit Card Type;
Yetty,Arghent,Indonesia,Ford,Club Wagon,Teal,1993,mastercard;
Crystal,Bosworth,China,Cadillac,Escalade ESV,Fuscia,2007,mastercard;
Monro,Houdhury,Indonesia,Mazda,Miata MX-5,Orange,2009,maestro;
Bowie,Clair,China,Audi,A4,Orange,2005,instapayment;
Myrvyn,McAllister,Czech Republic,Nissan,Maxima,Pink,1994,maestro;
Jarid,Son,Philippines,Bentley,Continental Flying Spur,Fuscia,2006,americanexpress;
Griffin,Letham,Canada,Lamborghini,Gallardo,Violet,2004,bankcard;
Kristin,Hubbock,Ethiopia,Suzuki,Daewoo Lacetti,Violet,2007,china-unionpay;
Nannie,Rainsdon,Canada,Pontiac,Grand Am,Khaki,1996,switch;
Eloisa,Thick,Armenia,Pontiac,Trans Sport,Violet,1994,jcb;
Harley,Birdwhistle,Philippines,Mitsubishi,Expo LRV,Pink,1996,jcb;
Yardley,Anniwell,Indonesia,Dodge,Spirit,Indigo,1994,jcb;
Artemis,Wrenn,United States,Hyundai,Elantra,Red,2000,maestro;
Jenica,Hambric,Portugal,Chevrolet,Express 1500,Goldenrod,2008,jcb;
Heath,Biagi,Pakistan,Chevrolet,Corvette,Maroon,1999,jcb;
Cymbre,Fulkes,Ukraine,Suzuki,SX4,Orange,2012,jcb;
Trueman,Whodcoat,Colombia,Mercedes-Benz,CLK-Class,Maroon,2007,visa-electron;
Linn,Dowd,Finland,Hyundai,Veracruz,Pink,2010,jcb;
Karilynn,Paradin,Poland,Mitsubishi,3000GT,Khaki,1998,americanexpress;
Franky,Hemerijk,France,Chevrolet,3500,Red,1996,mastercard;
Leshia,Ruhben,Colombia,Pontiac,Sunfire,Maroon,1996,mastercard;
Elvyn,Klimt,Portugal,Chevrolet,Camaro,Yellow,1998,jcb;
Josy,Mahedy,Sweden,Volvo,S40,Khaki,2010,jcb;
Godwin,Dowsing,Brazil,Dodge,Ram 2500,Red,2009,americanexpress;
Charley,Haglinton,Portugal,Saturn,VUE,Maroon,2009,jcb;
Adria,Lagneaux,Brazil,Toyota,Yaris,Crimson,2012,china-unionpay;
Hermione,Huzzay,South Korea,Dodge,D250 Club,Maroon,1993,jcb;
Carmelia,Eatock,Thailand,Mazda,RX-7,Fuscia,1987,jcb;
Halsy,Garaway,Dominican Republic,Nissan,350Z,Pink,2009,jcb;
Dru,Abrahmson,Poland,Ford,Ranger,Purple,1992,jcb;
Bryana,Sheldon,Ukraine,Volkswagen,New Beetle,Purple,2001,jcb;
Corena,Purselow,Finland,GMC,Rally Wagon 1500,Teal,1993,jcb;
Drake,Dunseith,Greece,BMW,7 Series,Violet,1995,maestro;
Nickey,Flatt,Colombia,Chevrolet,G-Series 2500,Violet,1997,jcb;
See,Glaserman,Tanzania,Mercedes-Benz,CL-Class,Goldenrod,2006,maestro;
Corrianne,Tukely,France,Oldsmobile,88,Blue,1994,switch;
Killie,Paffett,Bosnia and Herzegovina,Nissan,Altima,Orange,2002,jcb;
Montgomery,Budibent,Brazil,Toyota,Highlander,Blue,2006,mastercard;
Hyman,Ducaen,Nigeria,Toyota,TundraMax,Puce,2012,diners-club-enroute;
Lev,Shropshire,Chile,Ford,Taurus,Purple,1997,switch;
Cyndie,Hyndes,China,Mercedes-Benz,600SEL,Indigo,1993,instapayment;
Leonie,Pritchard,Uzbekistan,Ford,Expedition EL,Indigo,2010,jcb;
Leone,Byfford,Macedonia,Hyundai,Accent,Yellow,1996,diners-club-international;
Drusilla,Gittose,China,Buick,LaCrosse,Khaki,2011,diners-club-enroute;
Barn,Torricella,Venezuela,BMW,Z4 M,Teal,2008,diners-club-carte-blanche;
Ebony,Nemchinov,Brazil,Pontiac,Montana,Violet,2004,jcb;
Gillie,Spurdens,Poland,Hyundai,Genesis,Aquamarine,2011,jcb;
Lesya,Ellingworth,Indonesia,Toyota,Avalon,Crimson,1999,jcb;
Leticia,Bettington,China,GMC,Sierra 2500,Teal,1999,jcb;
Norine,Meach,Norway,Infiniti,G37,Crimson,2012,visa-electron;
Lizbeth,Bottini,Indonesia,Ford,E-Series,Khaki,2006,mastercard;
Eydie,Pedlow,Indonesia,Buick,Regal,Turquoise,1987,mastercard;
Kaye,McGinney,Bulgaria,Kia,Rio,Yellow,2002,maestro;
Job,Mitchinson,Poland,Volkswagen,GTI,Maroon,2003,jcb;
Esta,Bruhke,Russia,Dodge,Ram Van 3500,Fuscia,2000,jcb;
Reinwald,O'Fielly,Namibia,Cadillac,Fleetwood,Indigo,1994,jcb;
Alicia,Milligan,Brazil,Oldsmobile,Ciera,Aquamarine,1993,jcb;
Janek,Pargetter,Indonesia,Mercury,Villager,Purple,1998,jcb;
Arda,Renish,Indonesia,Jaguar,XJ Series,Maroon,2003,visa-electron;
Loni,Tweedle,Guatemala,Toyota,Land Cruiser,Goldenrod,2005,laser;
Jacklyn,Fillery,Pakistan,BMW,7 Series,Puce,2012,maestro;
Gnni,Bridewell,China,Porsche,911,Green,2010,switch;
Willabella,Dumbrill,China,Isuzu,Rodeo Sport,Purple,2001,americanexpress;
Lorena,McGiveen,Russia,Mercedes-Benz,E-Class,Goldenrod,2001,maestro;
Latrena,Fowkes,Brazil,Lexus,IS,Crimson,2007,visa-electron;
Mia,Wasbey,Sweden,Kia,Rio,Violet,2003,mastercard;
Krysta,Woollard,France,BMW,X6 M,Orange,2012,visa-electron;
Kane,Safhill,Indonesia,Nissan,Frontier,Mauv,2004,switch;
Quentin,Putland,China,Volkswagen,Passat,Fuscia,1999,visa-electron;
Vin,Booth,Sweden,BMW,8 Series,Red,1995,jcb;
Keelia,Fronczak,China,Mitsubishi,Galant,Indigo,1999,jcb;
Randy,Dron,Brazil,GMC,Sonoma,Orange,1993,bankcard;
Pippa,Rodriguez,China,Nissan,Sentra,Mauv,1998,jcb;
Fawn,Mancktelow,Iran,Mercury,Cougar,Turquoise,1994,americanexpress;
Curtis,Kurt,Germany,Jaguar,X-Type,Violet,2004,americanexpress;
Gasper,Joder,China,Dodge,Grand Caravan,Red,1998,jcb;
Eberto,Crocombe,El Salvador,Dodge,D350 Club,Green,1993,jcb;
Annissa,Klambt,Japan,Hummer,H3,Khaki,2009,diners-club-us-ca;
Annamarie,Dietsche,Sweden,Mazda,Tribute,Red,2008,jcb;
Ginnie,Stimpson,France,GMC,Sierra 3500,Goldenrod,2011,diners-club-carte-blanche;
Rainer,Mogra,Philippines,Porsche,911,Goldenrod,2008,mastercard;
Alexandro,Bockman,Russia,Audi,Q7,Indigo,2012,maestro;
Bryan,Munford,Portugal,Ford,F150,Blue,2003,jcb;
Worth,MacInnes,Israel,Audi,90,Pink,1989,jcb;
Gaven,Humpherson,Benin,Audi,A4,Mauv,1999,instapayment;
Eydie,Polk,Israel,Pontiac,Grand Am,Puce,1995,maestro;
Dorise,Marshalleck,Mexico,Lincoln,Town Car,Turquoise,1985,americanexpress;
Charles,McIlhatton,China,Toyota,Camry,Violet,2007,jcb;
Dolorita,Ringsell,Paraguay,Mitsubishi,Expo,Maroon,1995,visa;
Laird,Melledy,Afghanistan,Jeep,Compass,Orange,2009,diners-club-enroute;
Rancell,Skewes,Indonesia,Audi,A4,Turquoise,2008,diners-club-carte-blanche;
Starr,Gorke,China,Pontiac,Grand Prix,Blue,2002,americanexpress;
Jourdan,Winspear,Sweden,Porsche,Cayman,Aquamarine,2010,switch;
Angil,Bly,China,MINI,MINI,Green,2002,maestro;
Deonne,Arnot,Brazil,Dodge,Ram 50,Goldenrod,1992,bankcard;
Heddie,Crauford,Italy,Maybach,62,Khaki,2012,jcb;
Chic,Nutbean,China,Mercedes-Benz,E-Class,Aquamarine,1984,china-unionpay;
Gina,Vaz,Poland,Chevrolet,Silverado 1500,Red,2004,bankcard;
Krishna,Dominka,Uganda,Toyota,MR2,Teal,2002,mastercard;
Guenna,Kobes,China,Oldsmobile,Intrigue,Aquamarine,1999,jcb;
Gaspard,Finlan,Peru,Dodge,Ram 2500 Club,Aquamarine,1996,diners-club-carte-blanche;
Bald,Wiz,Mauritius,Mitsubishi,Excel,Violet,1988,switch;
Fionnula,Osment,China,Honda,Accord Crosstour,Teal,2011,jcb;
Gipsy,Kingsley,China,Ford,Thunderbird,Yellow,1990,jcb;
Hughie,Skentelbery,Japan,Isuzu,Rodeo,Green,2002,jcb;
Valeda,Crohan,Japan,Dodge,Ram 2500 Club,Orange,1995,solo;
Iris,Dadswell,Chad,Kia,Sedona,Puce,2006,china-unionpay;
Dita,Turbayne,Colombia,Suzuki,SJ,Khaki,1985,jcb;
Clifford,McAvinchey,Spain,Acura,TL,Crimson,1997,jcb;
Dolli,Jiggens,Argentina,Isuzu,Rodeo,Blue,1993,diners-club-carte-blanche;
Adore,Englishby,China,Geo,Storm,Red,1992,jcb;
Dennet,Wase,Indonesia,Ford,F350,Fuscia,2003,jcb;
Liam,Adam,Poland,Ford,E150,Orange,1984,jcb;
Stanford,Peto,Cyprus,GMC,Sierra 3500HD,Fuscia,2006,jcb;
Shirline,Hamshar,Sierra Leone,GMC,Sierra,Pink,2010,mastercard;
Knox,McCrory,China,Scion,xB,Indigo,2012,maestro;
Ichabod,Bruggen,Indonesia,Mitsubishi,Precis,Khaki,1986,china-unionpay;
Davina,Spires,Ecuador,Ford,Laser,Blue,1988,jcb;
Florella,Southernwood,Portugal,Jeep,Cherokee,Purple,2000,visa;
Conrado,McNutt,China,Ford,F250,Aquamarine,2000,laser;
Petunia,Benettini,Japan,Chevrolet,TrailBlazer,Maroon,2004,visa;
Jethro,Divisek,Brazil,Dodge,Ram Van 3500,Pink,1997,jcb;
Spencer,Barefoot,Brazil,Nissan,Pathfinder,Fuscia,2005,bankcard;
Agnella,Simonett,Russia,Jaguar,X-Type,Orange,2005,jcb;
Brandie,Kilgrove,Greece,Mitsubishi,Lancer Evolution,Khaki,2003,switch;
Bee,Orpyne,Mexico,Suzuki,Samurai,Fuscia,1992,maestro;
Marget,Steward,Vietnam,Land Rover,Discovery,Red,2000,visa-electron;
Waldemar,Birckmann,Philippines,Pontiac,Grand Prix,Maroon,1985,china-unionpay;
Eloisa,Scantleberry,China,Dodge,Viper,Mauv,1997,jcb;
Northrop,Drew,Japan,Eagle,Summit,Orange,1996,diners-club-enroute;
Hasty,Covolini,United States,Lamborghini,Countach,Crimson,1988,laser;
Cordula,Raund,Vietnam,Pontiac,Firefly,Fuscia,1985,jcb;
Lara,Pennetti,Cameroon,Suzuki,Esteem,Pink,1997,jcb;
Tad,Waszczykowski,China,Cadillac,Brougham,Aquamarine,1992,instapayment;
Arabelle,Shyres,Portugal,Volkswagen,rio,Aquamarine,1998,maestro;
Leora,Chiddy,Canada,Volkswagen,riolet,Mauv,1993,mastercard;
Robyn,Teanby,Canada,Isuzu,Ascender,Green,2006,diners-club-enroute;
Nickey,Turfitt,Indonesia,Ford,Taurus,Crimson,1998,china-unionpay;
Tyrone,Cuncarr,Indonesia,Toyota,Venza,Blue,2009,china-unionpay;
Rosmunda,Delgardillo,Russia,Volvo,C70,Teal,2000,jcb;
Beulah,Hitscher,Indonesia,Mitsubishi,Outlander,Orange,2011,switch;
Ilene,Pebworth,Estonia,Hummer,H1,Khaki,1999,jcb;
Stephana,Brattan,Brazil,Ford,F-Series,Purple,1997,visa-electron;
Minny,Witter,Poland,Audi,A4,Aquamarine,1998,maestro;
Anya,Martignon,China,GMC,Suburban 2500,Blue,1996,jcb;
Selie,Josland,Czech Republic,Audi,4000s,Blue,1985,bankcard;
Sayre,Tysall,France,Bentley,Continental,Purple,2007,bankcard;
Walker,Athy,Philippines,Mercury,Monterey,Pink,2007,jcb;
Gennifer,Nafziger,Philippines,Chevrolet,Impala,Orange,2005,jcb;
Sisely,Shoebottom,Philippines,Mazda,Millenia,Red,1998,laser;
Nelly,Tollett,Russia,Land Rover,Range Rover,Goldenrod,1990,mastercard;
Verina,Biasioni,Thailand,Chrysler,Sebring,Turquoise,2000,jcb;
Gillie,Abrey,Madagascar,Jeep,Cherokee,Mauv,1995,americanexpress;
Todd,Nilles,Greece,Ford,Explorer,Aquamarine,1995,bankcard;
Antin,Lakin,Guatemala,Lincoln,MKT,Purple,2013,china-unionpay;
Timmi,Bohey,Brazil,Mitsubishi,Endeavor,Aquamarine,2007,jcb;
Sergei,Drohun,Philippines,Audi,S4,Fuscia,2010,jcb;
Taddeo,Buckney,Philippines,Ford,F350,Purple,2000,americanexpress;
Alma,Hayers,Indonesia,Honda,Ridgeline,Blue,2010,jcb;
Teri,McGrory,Canada,Aston Martin,Vantage,Red,2010,laser;
Durand,Benazet,Ukraine,Lexus,SC,Pink,2006,jcb;
Roma,Leggis,China,Toyota,4Runner,Fuscia,2000,jcb;
Em,Wallege,Russia,Chevrolet,1500,Turquoise,1995,jcb;
Irvin,Grent,Croatia,Lincoln,Navigator,Red,2009,diners-club-enroute;
Vinni,Wildman,Russia,Chevrolet,S10 Blazer,Fuscia,1992,mastercard;
Hanny,Feavers,China,Subaru,Legacy,Mauv,1993,diners-club-carte-blanche;
Silas,Sedgmond,Canada,Chevrolet,Monte Carlo,Fuscia,2002,americanexpress;
Benedikta,Tunaclift,Indonesia,Mercury,Capri,Blue,1992,diners-club-enroute;
Camella,Hinz,Peru,Ford,F350,Blue,2001,jcb;
Bunni,Huggill,China,Cadillac,CTS-V,Aquamarine,2012,jcb;
Cece,Rumney,Egypt,Cadillac,Catera,Mauv,2001,jcb;
Anne-marie,Boxill,China,Suzuki,Esteem,Turquoise,2001,visa-electron;
Reinaldo,De Lacey,Brazil,Porsche,924,Pink,1988,maestro;
Katharina,Rapin,Poland,Lincoln,Navigator,Khaki,2006,diners-club-international;
Dominga,Ohlsen,Russia,Mitsubishi,Eclipse,Goldenrod,2000,diners-club-carte-blanche;
Juliana,Speerman,Russia,Scion,iQ,Green,2012,switch;
Aleda,Netherwood,Russia,Ford,Tempo,Violet,1986,diners-club-enroute;
Salomon,Zanetto,United States,Toyota,Corolla,Crimson,2007,jcb;
Nico,Strand,Ethiopia,Infiniti,Q,Mauv,2002,laser;
Spike,Basire,Poland,MINI,Cooper,Teal,2003,jcb;
Wallas,Kinnaird,France,Mercedes-Benz,300SE,Orange,1992,jcb;
Carter,Revan,Russia,Ford,Econoline E250,Indigo,1992,jcb;
Chere,Petschel,Colombia,Ford,Bronco II,Turquoise,1990,bankcard;
Oralia,Sainthill,China,Land Rover,Freelander,Green,2001,switch;
Annabell,Tompkiss,Colombia,Suzuki,XL-7,Mauv,2004,diners-club-carte-blanche;
Ivette,Tomadoni,Russia,Land Rover,Sterling,Green,1991,maestro;
Maridel,Clarke,China,Toyota,FJ Cruiser,Fuscia,2009,mastercard;
Sibby,Kitchingman,Russia,Honda,CR-V,Goldenrod,2007,jcb;
Matthus,Crabtree,China,Toyota,4Runner,Crimson,2006,americanexpress;
Mordy,Bediss,Philippines,Suzuki,Grand Vitara,Mauv,2011,switch;
Josephine,Torregiani,United States,Buick,Riviera,Violet,1985,laser;
Hedvig,Kliemann,Japan,Nissan,Frontier,Puce,2012,china-unionpay;
Cristiano,Pummell,United States,Pontiac,LeMans,Goldenrod,1964,jcb;
Ruthe,Bedrosian,China,Volvo,S70,Fuscia,1999,visa;
Larisa,Maliffe,Portugal,Nissan,Frontier,Aquamarine,2001,jcb;
Chloe,Goacher,China,GMC,Canyon,Maroon,2011,americanexpress;
Cesare,Spencock,Panama,Suzuki,Esteem,Pink,2002,visa-electron;
Hanson,Vedekhin,Croatia,Mazda,MX-5,Crimson,1996,jcb;
Georgianna,Chevin,Brazil,Chevrolet,Camaro,Mauv,1968,jcb;
Fidole,Weekes,Indonesia,Acura,ZDX,Violet,2012,jcb;
Barnabas,MacArthur,Israel,BMW,600,Red,1959,mastercard;
Verla,Paddemore,Philippines,Isuzu,Rodeo,Purple,2001,bankcard;
Delainey,Revans,Mexico,Buick,Century,Maroon,1989,jcb;
Damita,Losty,Saint Kitts and Nevis,Pontiac,Grand Am,Puce,1999,jcb;
Alison,De Metz,Panama,Toyota,Matrix,Crimson,2004,jcb;
Cull,Raistrick,Japan,Dodge,Ram Van 1500,Pink,1997,jcb;
Etheline,Allone,Poland,Isuzu,Rodeo,Goldenrod,1995,maestro;
Wait,Balogun,China,Acura,TL,Mauv,2001,jcb;
Eba,Cromwell,Indonesia,GMC,Yukon,Teal,1996,visa-electron;
Petr,Milam,Canada,Lincoln,Continental,Violet,1990,jcb;
Huntlee,Capehorn,Thailand,Mazda,RX-7,Fuscia,1984,jcb;
Celka,Stendell,China,Dodge,Ram 3500,Puce,1997,visa;
Theodosia,Gillmore,Brazil,Chevrolet,Monte Carlo,Yellow,1997,mastercard;
Husain,Pover,China,Volvo,C70,Fuscia,2008,mastercard;
Rebekkah,Davall,China,Mitsubishi,Mirage,Purple,1998,jcb;
Josefa,Bastable,Russia,Audi,TT,Violet,2009,instapayment;
Kesley,Trenear,Brazil,Isuzu,Trooper,Indigo,1992,jcb;
Jilleen,Meeson,Russia,Buick,Roadmaster,Green,1993,diners-club-enroute;
Parsifal,McKniely,Portugal,Pontiac,Grand Prix,Goldenrod,1980,visa-electron;
Hasty,Manjin,Brazil,Volvo,S70,Red,2000,jcb;
Heywood,De Vere,China,Mercury,Mystique,Maroon,1996,jcb;
Kamillah,Linder,China,Geo,Metro,Aquamarine,1994,maestro;
Thebault,Shoebridge,Thailand,Mazda,MPV,Fuscia,1989,bankcard;
Granny,Howels,Malaysia,Cadillac,Seville,Teal,2000,jcb;
Alexandros,Pepperill,China,Mazda,Miata MX-5,Orange,2003,mastercard;
Dixie,Sidey,Luxembourg,Cadillac,Escalade EXT,Red,2008,mastercard;
Towny,Strethill,Japan,Chevrolet,Camaro,Turquoise,1997,maestro;
Emory,Frany,Russia,Ferrari,599 GTB Fiorano,Khaki,2010,bankcard;
Sophronia,Winsborrow,Indonesia,Suzuki,XL-7,Purple,2005,jcb;
Adena,Parradye,Moldova,Toyota,Camry,Maroon,2003,jcb;
Barbara-anne,Diglin,Czech Republic,BMW,525,Green,2003,diners-club-enroute;
Bethina,Slyne,Indonesia,Chevrolet,Express 1500,Orange,2004,jcb;
Olivette,Hanhart,Peru,BMW,550,Goldenrod,2006,jcb;
Byrle,Drayton,Brazil,Ford,Edge,Violet,2009,jcb;
Donni,Lewsie,Spain,Volkswagen,Golf,Blue,1999,jcb;
Mable,Bortolotti,Portugal,Chevrolet,Express 3500,Maroon,2002,laser;
Hedvig,Willcox,Indonesia,Ford,Crown Victoria,Puce,1993,jcb;
Terrance,Stradling,Venezuela,Buick,Skylark,Goldenrod,1986,visa-electron;
Rafaela,Baiyle,China,BMW,5 Series,Blue,1992,mastercard;
Staford,Karolovsky,China,BMW,7 Series,Blue,1993,jcb;
Roi,Stainfield,Morocco,Nissan,Sentra,Purple,2001,visa-electron;
Theodoric,Cassells,Sweden,Porsche,914,Orange,1970,jcb;
Erek,Elliot,Philippines,Aston Martin,DB9,Green,2010,jcb;
Emanuel,Oxley,Russia,Suzuki,XL-7,Goldenrod,2001,visa-electron;
Eveline,Inderwick,Brazil,Chevrolet,Cavalier,Red,2003,switch;
Constantia,Danett,China,Nissan,240SX,Violet,1996,jcb;
Chad,Cragell,Portugal,Aston Martin,DBS,Mauv,2009,china-unionpay;
Antonietta,Springtorp,Poland,GMC,Rally Wagon 2500,Khaki,1992,jcb;
Libbie,Childes,Poland,Dodge,Ram 2500,Green,1996,maestro;
Bard,Gronowe,Morocco,Ford,Windstar,Mauv,1997,visa;
Nikita,Stappard,Netherlands,Chevrolet,2500,Maroon,1998,mastercard;
Christen,Tomala,Ukraine,Jeep,Compass,Aquamarine,2012,jcb;
Bartholomeo,Aspole,Philippines,Mercury,Montego,Pink,2006,mastercard;
Josefa,McCarry,Slovenia,Lexus,LS,Yellow,2000,maestro;
Garner,Verbrugge,Japan,Isuzu,Axiom,Purple,2004,jcb;
Matthaeus,Duffill,Luxembourg,Toyota,T100 Xtra,Purple,1997,jcb;
Judie,Sotworth,Russia,Ford,Mustang,Yellow,2009,china-unionpay;
Hanna,Darracott,France,Chevrolet,Colorado,Red,2012,jcb;
Mattheus,Wark,Peru,Chevrolet,Cobalt SS,Indigo,2008,mastercard;
Mirabelle,Scrigmour,Finland,Mercury,Grand Marquis,Green,1995,instapayment;
Horacio,Utteridge,Brazil,Chevrolet,S10,Orange,1993,jcb;
Kassey,O'Crigane,Yemen,GMC,Sierra 2500,Puce,2004,americanexpress;
Rafaelita,Waulker,Russia,Cadillac,Seville,Blue,2003,instapayment;
Darci,Perkins,Czech Republic,Pontiac,Grand Prix,Indigo,1968,americanexpress;
Marcellus,Crosetto,Nigeria,Spyker,C8 Spyder Wide Body,Purple,2004,mastercard;
Konstantine,Mapes,Poland,Chevrolet,Corvair,Green,1960,switch;
Ozzie,de Courcy,Russia,Volkswagen,Jetta,Indigo,1998,switch;
Rhona,Pennock,Cuba,Mercedes-Benz,S-Class,Maroon,1997,bankcard;
Tomlin,Giampietro,Iran,Buick,Somerset,Aquamarine,1986,jcb;
Joachim,Capner,Togo,Eagle,Talon,Maroon,1994,switch;
Francisco,Jopp,China,Lincoln,Town Car,Red,2007,jcb;
Petra,Worsnap,Iran,Land Rover,Range Rover,Green,2012,instapayment;
Violette,Anger,Philippines,Subaru,B9 Tribeca,Orange,2007,switch;
Emilio,Gleed,Sweden,Chrysler,300,Khaki,2009,jcb;
Eleonora,Coldbath,United Kingdom,Cadillac,STS,Crimson,2010,visa-electron;
Joseito,Tasseler,China,Isuzu,Ascender,Crimson,2004,jcb;
Alasteir,Gaitone,Mexico,Mercury,Mountaineer,Khaki,2002,americanexpress;
Kale,Nazareth,Indonesia,Dodge,Dakota Club,Crimson,2006,jcb;
Jourdain,Mapplebeck,Ukraine,Honda,Prelude,Pink,1993,americanexpress;
Glory,Kopf,China,Buick,Reatta,Violet,1989,maestro;
Rosmunda,Rosedale,United States,Plymouth,Colt Vista,Puce,1993,jcb;
Yovonnda,Gostick,Mongolia,Isuzu,Trooper,Orange,1992,jcb;
Avrit,O'Farris,Poland,Dodge,Ram 1500,Red,2005,jcb;
Jenilee,Dunwoody,United States,Mitsubishi,Lancer Evolution,Orange,2011,diners-club-enroute;
Ewart,Bignold,Philippines,Mercury,Cougar,Violet,1990,bankcard;
Ernesta,Dever,China,Mercury,Villager,Crimson,2001,jcb;
Elberta,Coushe,Indonesia,Cadillac,Escalade,Violet,1999,bankcard;
Marcy,Czapla,Paraguay,Jeep,Patriot,Crimson,2011,jcb;
Alvinia,Bedenham,China,Toyota,Corolla,Green,2002,jcb;
Yanaton,Dodgshun,Syria,Ford,E150,Purple,2006,bankcard;
Zandra,Jackman,Uganda,Mazda,626,Red,1997,jcb;
Wood,Wyles,Thailand,Pontiac,Montana,Indigo,2006,maestro;
Lorenzo,Pennone,China,Chevrolet,Express 1500,Violet,2005,jcb;
Nevins,Tenby,Indonesia,Mercedes-Benz,SL-Class,Indigo,2004,americanexpress;
Cordie,Gonneau,China,Lamborghini,Countach,Crimson,1985,mastercard;
Bryant,Hutchins,Russia,Dodge,Ram Van 3500,Red,2002,jcb;
Nanni,Carrick,Venezuela,MINI,Clubman,Purple,2011,visa;
Odille,Yerlett,Belarus,Mitsubishi,Truck,Violet,1989,visa;
Beauregard,Coytes,Canada,Dodge,Ram Van 1500,Orange,1999,switch;
Milicent,Delue,China,Mazda,Miata MX-5,Turquoise,2007,jcb;
Ellery,Daulton,Russia,Chrysler,Cirrus,Blue,1998,mastercard;
Pierre,Vallantine,France,Mercury,Grand Marquis,Fuscia,1987,diners-club-enroute;
Mackenzie,Gillions,United States,Ford,Ranger,Khaki,2004,mastercard;
Felipe,Zellner,Peru,Toyota,RAV4,Mauv,1996,laser;
Whitman,Cobden,Brazil,Volkswagen,GTI,Khaki,2001,jcb;
Myriam,Garralts,China,Chevrolet,Camaro,Goldenrod,1976,mastercard;
Libbie,Okenden,Angola,Ford,F250,Pink,2002,jcb;
Petra,Searby,Indonesia,Mazda,MX-5,Goldenrod,1999,jcb;
Roze,Barnhart,Russia,Lincoln,Navigator,Crimson,2005,jcb;
Bette-ann,Helversen,Portugal,Ford,F-Series,Turquoise,2005,diners-club-us-ca;
Raychel,Sey,Portugal,Nissan,350Z,Turquoise,2008,jcb;
Corabelle,Thames,El Salvador,Ford,Expedition,Purple,2001,jcb;
Julie,Mathison,Finland,Ford,E350,Maroon,2009,jcb;
Rutger,Loakes,Ivory Coast,GMC,Sierra 2500,Khaki,1999,visa;
Rodrigo,Druce,China,Suzuki,Vitara,Crimson,2003,bankcard;
Karylin,Mabbe,Poland,Saturn,Outlook,Blue,2008,mastercard;
Angelico,McMennum,Indonesia,GMC,Savana 2500,Purple,1998,jcb;
L;urette,Allridge,Indonesia,Suzuki,Esteem,Khaki,2000,laser
Vachel,Ruff,Bosnia and Herzegovina,Ford,Escape,Pink,2004,switch;
Faye,Pavyer,Poland,Kia,Sedona,Mauv,2008,visa;
Koralle,Fremantle,Mexico,Buick,Terraza,Maroon,2006,switch;
Muire,Skace,Indonesia,Chevrolet,Corvair 500,Yellow,1963,maestro;
Pennie,Tewkesbury,Poland,Suzuki,XL7,Goldenrod,2007,jcb;
Ephrem,Titterrell,Mongolia,Aston Martin,DB9,Aquamarine,2011,americanexpress;
Welby,Purchon,Poland,Geo,Tracker,Aquamarine,1992,jcb;
Joelynn,Camili,China,Ford,Crown Victoria,Orange,2011,diners-club-us-ca;
Davina,Gillie,Poland,Nissan,Titan,Red,2010,americanexpress;
Major,Vicent,Tuvalu,Chevrolet,Silverado 2500,Goldenrod,2007,china-unionpay;
Sandie,Dagleas,France,Ford,Expedition,Red,2008,jcb;
Ewell,Deignan,Philippines,Mazda,MX-5,Violet,2004,diners-club-carte-blanche;
Sidney,Jersch,Philippines,Scion,tC,Orange,2012,jcb;
Sapphira,Giacomazzo,China,Ford,Aerostar,Orange,1997,jcb;
Truman,Carleton,Slovenia,Toyota,Tacoma Xtra,Teal,2001,jcb;
Willyt,Ferrillio,China,Chevrolet,Express,Teal,2010,jcb;
Olivier,Kingham,Sweden,Jeep,Grand Cherokee,Green,1995,jcb;
Estevan,Kobpac,Pakistan,Spyker,C8 Spyder Wide Body,Khaki,2004,switch;
Euphemia,Rust,Peru,Dodge,Caravan,Indigo,2005,mastercard;
Janette,Beakes,Indonesia,Mitsubishi,Mirage,Indigo,1999,maestro;
Taffy,Getten,China,Suzuki,Samurai,Yellow,1995,jcb;
Bernardo,Bartoszek,China,Cadillac,Seville,Purple,1996,jcb;
Hagan,McCowan,Portugal,Pontiac,Firebird,Khaki,1988,diners-club-carte-blanche;
Kris,Maslen,Indonesia,BMW,8 Series,Puce,1994,bankcard;
Gabbie,Feifer,Philippines,Ford,Th!nk,Turquoise,2002,switch;
Carolee,Milazzo,Portugal,Mitsubishi,Eclipse,Purple,2011,laser;
Lynnet,Baines,Portugal,Ford,Mustang,Violet,2013,mastercard;
Goldia,Folli,Indonesia,Dodge,Caravan,Red,2010,maestro;
Guinna,Borgars,Japan,Mercury,Milan,Blue,2007,jcb;
Welbie,Alfonso,Japan,Volvo,XC90,Red,2007,jcb;
Portia,Stollhofer,Sweden,Pontiac,Trans Sport,Puce,1995,visa-electron;
Chrisy,Jakovijevic,Indonesia,Hummer,H2,Mauv,2003,jcb;
Harcourt,Attree,Honduras,Ford,ZX2,Pink,2002,china-unionpay;
Natalya,Bonnier,China,BMW,3 Series,Indigo,1999,mastercard;
Maynard,Heintze,Poland,Chevrolet,Cobalt,Red,2010,switch;
Claybourne,Toderi,China,Mazda,Protege,Orange,1998,bankcard;
Rivy,Cayford,Indonesia,Saab,900,Teal,1985,jcb;
Beatrix,Bartol,Brazil,Toyota,TundraMax,Pink,2010,jcb;
Romola,Mattiuzzi,Latvia,Ford,Thunderbird,Purple,2003,jcb;
Harriette,Kees,Russia,Nissan,Sentra,Blue,2006,jcb;
Tobias,Brundale,China,Dodge,Caravan,Teal,1985,jcb;
Nicolle,Satford,Ukraine,Mercedes-Benz,SLK-Class,Mauv,2005,jcb;
Roderigo,Addinall,New Zealand,Daewoo,Nubira,Yellow,2001,maestro;
Mar,Hathaway,China,Volkswagen,Passat,Indigo,1990,jcb;
Crystie,Luca,Indonesia,Honda,Civic,Green,2001,jcb;
Emlyn,Carmont,Indonesia,Mazda,Mazda6,Pink,2010,jcb;
Kellby,O'Kane,Poland,Jeep,Commander,Khaki,2006,jcb;
Lilah,Rylatt,Vietnam,Lincoln,MKT,Puce,2010,jcb;
Kayla,Saffon,Indonesia,Chevrolet,Metro,Blue,1999,jcb;
Mareah,Prior,Lithuania,Chevrolet,Malibu,Purple,1999,bankcard;
Gordon,Wakelin,Guatemala,Nissan,Frontier,Red,2000,diners-club-us-ca;
Cherry,Tigner,Ireland,Lexus,RX,Pink,2003,jcb;
Carey,Morter,Ukraine,Chevrolet,Express 1500,Blue,1998,laser;
Steffen,Botha,Costa Rica,Volvo,940,Goldenrod,1994,americanexpress;
Corilla,Grahlmans,Russia,BMW,3 Series,Green,1998,instapayment;
Ray,Fearey,Philippines,Mercury,Milan,Red,2007,jcb;
Wilburt,Gooderham,Philippines,Lotus,Esprit,Mauv,1992,visa-electron;
Katine,Ollenbuttel,Indonesia,Chrysler,200,Fuscia,2012,jcb;
Ardella,Gollop,Indonesia,Mitsubishi,Precis,Teal,1992,jcb;
Christopher,Luis,Philippines,Jaguar,XK Series,Puce,2002,jcb;
Collete,Cockell,Indonesia,Chrysler,Town & Country,Violet,2009,maestro;
Maxine,Ganning,Peru,Honda,Accord Crosstour,Crimson,2010,visa-electron;
Brittni,de Amaya,Thailand,Ford,F150,Goldenrod,2008,bankcard;
Drucie,Churm,Indonesia,Spyker,C8,Crimson,2006,jcb;
Birdie,Bettenay,United States,Dodge,Intrepid,Purple,1993,jcb;
Germain,Teggin,Japan,Buick,Lucerne,Red,2007,jcb;
Anabella,Goundsy,Portugal,GMC,1500 Club Coupe,Blue,1996,visa-electron;
Zitella,Shrubb,Oman,Lexus,GS,Violet,2009,jcb;
Nico,Shevels,Vietnam,Volkswagen,GTI,Mauv,2009,jcb;
Viviana,Boniface,Brazil,Lincoln,Navigator,Crimson,1999,mastercard;
Brynna,McColl,Netherlands,Jeep,Grand Cherokee,Fuscia,2005,visa-electron;
Kathie,Trenchard,Colombia,Pontiac,Grand Am,Khaki,1997,switch;
Cami,Partleton,China,GMC,Jimmy,Green,1993,mastercard;
Katya,Drable,United States,Acura,MDX,Pink,2012,diners-club-enroute;
Bernette,Godin,Sweden,Chevrolet,Express 1500,Pink,1996,instapayment;
Rosalinda,Riley,Portugal,Pontiac,Grand Am,Crimson,1995,maestro;
Nicoline,Heistermann,Portugal,Dodge,Ram 2500,Goldenrod,1996,jcb;
Monti,De Carolis,China,Mitsubishi,Pajero,Fuscia,1991,diners-club-carte-blanche;
Tiff,Amphlett,Poland,Ford,Thunderbird,Turquoise,2003,visa;
Reginald,Guerry,Indonesia,Mercedes-Benz,R-Class,Purple,2006,visa-electron;
Tyson,Heffron,Cyprus,Dodge,Durango,Violet,2003,mastercard;
Britt,Schulter,China,Pontiac,Gemini,Green,1986,jcb;
Seka,Scandrett,Argentina,Lincoln,MKS,Orange,2012,jcb;
Blanch,Payler,China,Toyota,Prius Plug-in,Goldenrod,2012,jcb;
Baudoin,Benezeit,Philippines,BMW,330,Aquamarine,2006,jcb;
Shae,Mayfield,Peru,GMC,2500 Club Coupe,Fuscia,1992,diners-club-international;
Chantalle,LeEstut,China,Mercury,Cougar,Blue,1997,china-unionpay;
Eduardo,Dawidowicz,Norway,Chevrolet,G-Series G20,Maroon,1995,visa-electron;
Claudette,Langdale,Philippines,Lexus,LX,Violet,2000,jcb;
Kerri,Ajam,Bolivia,BMW,5 Series,Maroon,2012,jcb;
Hector,Sturm,Tanzania,Oldsmobile,Silhouette,Violet,1992,jcb;
Antone,Gentry,Poland,Mercury,Grand Marquis,Orange,2007,china-unionpay;
Johnny,Behninck,Norway,Chrysler,Town & Country,Puce,1996,jcb;
Chrysa,Bloy,Malawi,Ford,E-Series,Pink,2005,jcb;
Codi,Sibbons,China,Dodge,Grand Caravan,Yellow,1993,visa-electron;
Caria,Benard,China,Volkswagen,Golf,Green,1987,jcb;
Othello,Spriggs,South Africa,Ford,F150,Orange,1992,diners-club-carte-blanche;
Madelaine,Lacky,Namibia,Saturn,S-Series,Teal,2000,switch;
Averil,Ekkel,United States,Ford,Flex,Crimson,2010,bankcard;
Darby,Bonde,Ukraine,GMC,Sierra 1500,Yellow,2002,instapayment;
Garret,Oxbe,Morocco,Kia,Spectra,Orange,2009,jcb;
Kimble,Cable,Pakistan,Dodge,Dakota,Green,2004,americanexpress;
Edith,Kaysor,Chad,Chevrolet,Camaro,Yellow,1973,diners-club-us-ca;
Steffane,Wix,Lithuania,Land Rover,Range Rover Sport,Blue,2009,americanexpress;
Alphard,McGeachie,Canada,Jaguar,XJ,Blue,2009,jcb;
Halsey,Capponer,Russia,Plymouth,Sundance,Green,1992,switch;
Link,Dowles,Indonesia,Infiniti,G,Teal,2004,switch;
Jonis,McGrill,Greece,Dodge,Ram 3500,Goldenrod,2004,mastercard;
Helga,Arbuckel,China,Dodge,Ram Van 2500,Yellow,2001,jcb;
Mycah,Tisor,Norway,Geo,Metro,Mauv,1994,jcb;
Berke,Clem,Kuwait,Chevrolet,Tahoe,Maroon,2001,bankcard;
Raye,Millsom,Libya,Chevrolet,Monte Carlo,Red,2007,bankcard;
Clarey,Kalinsky,China,Jaguar,XJ Series,Aquamarine,1996,china-unionpay;
Jayme,Mussalli,Philippines,BMW,M5,Orange,2000,jcb;
Felipe,Sushams,Kyrgyzstan,Chrysler,Sebring,Teal,2004,jcb;
Arline,Ellen,Brazil,Dodge,Avenger,Mauv,1995,diners-club-carte-blanche;
Agustin,Goulthorp,Slovenia,Jaguar,XJ Series,Goldenrod,2005,diners-club-carte-blanche;
Cyril,Carlin,China,Chevrolet,Equinox,Teal,2009,jcb;
Britney,Clementet,Albania,Mazda,Miata MX-5,Teal,1992,jcb;
Nada,Spracklin,Indonesia,Ford,Escape,Turquoise,2012,jcb;
Nelia,Bugs,Palestinian Territory,Mitsubishi,Eclipse,Mauv,1991,jcb;
Valera,Petlyura,Czech Republic,Chevrolet,TrailBlazer,Crimson,2007,americanexpress;
Mareah,Ambrosch,France,Honda,Prelude,Khaki,2001,maestro;
Waldon,Lundon,Indonesia,Ford,F150,Orange,2009,jcb;
Cecil,Cordet,Papua New Guinea,Ford,F150,Turquoise,2006,switch;
Gael,Anear,East Timor,Subaru,Justy,Maroon,1989,visa-electron;
Willetta,Tallow,Indonesia,Hummer,H1,Teal,2003,china-unionpay;
Winnifred,Osmant,Luxembourg,Volvo,850,Fuscia,1997,instapayment;
Basil,Clelle,South Africa,Land Rover,Range Rover Sport,Maroon,2012,jcb;
Adrienne,Sooley,Kazakhstan,Ford,Escort,Violet,1998,switch;
Melba,Aslie,China,Mercury,Capri,Maroon,1985,switch;
Lanni,Fippe,Portugal,Mercedes-Benz,SL-Class,Green,2001,visa-electron;
Noni,Tether,Colombia,Ford,Explorer,Red,2009,jcb;
Katina,Donnan,United States,Infiniti,M,Purple,2011,laser;
Alejandra,Isaacson,China,Volkswagen,Eos,Violet,2012,jcb;
Hadleigh,Giocannoni,Indonesia,Volvo,V40,Khaki,2002,china-unionpay;
Hy,Kase,China,Ford,Windstar,Fuscia,2002,switch;
Vita,Bernath,Indonesia,Buick,Riviera,Violet,1997,visa-electron;
Cristy,Tregido,Saudi Arabia,Chevrolet,Suburban 1500,Violet,2007,switch;
Ancell,Bownde,Russia,Audi,Quattro,Blue,1993,mastercard;
Maurie,Crenage,Thailand,BMW,7 Series,Orange,1994,jcb;
Cathleen,Dowers,Dominican Republic,Lotus,Elise,Indigo,2006,jcb;
Milzie,Pilley,China,Ford,Bronco,Aquamarine,1984,jcb;
Maybelle,Uzzell,Greece,Aston Martin,V8 Vantage S,Pink,2012,diners-club-enroute;
Rana,Sidnall,Indonesia,Toyota,Paseo,Yellow,1996,maestro;
Leo,Checchi,Russia,Mercedes-Benz,SL-Class,Aquamarine,1989,americanexpress;
Upton,Gladdish,Netherlands,Mazda,Mazdaspeed6,Yellow,2006,mastercard;
Collin,Sprowles,China,Subaru,Tribeca,Purple,2008,jcb;
Odele,Shiel,France,Buick,Regal,Blue,1998,visa;
Arielle,Jachimczak,Ukraine,Isuzu,Trooper,Maroon,1995,instapayment;
Ingeborg,Houlworth,China,Ford,E250,Pink,2004,jcb;
Ashleigh,Atwood,Norway,Volvo,S40,Goldenrod,2009,mastercard;
Feliza,Varsey,Argentina,Mazda,Mazda6,Orange,2009,jcb;
Desmond,Bruckenthal,Kenya,Dodge,Caravan,Fuscia,2010,china-unionpay;
Gaspar,Qusklay,Ecuador,Mitsubishi,Galant,Blue,2003,americanexpress;
Wadsworth,Vallance,Albania,Mercedes-Benz,M-Class,Green,2000,diners-club-enroute;
Freedman,Dignall,Philippines,Hyundai,Elantra,Mauv,1993,diners-club-enroute;
Laurette,Rowes,Latvia,Nissan,Altima,Orange,2000,china-unionpay;
Jacqueline,Attow,North Korea,Chevrolet,Avalanche,Yellow,2006,jcb;
Saloma,Duke,Myanmar,Lexus,ES,Pink,2005,jcb;
Zaria,Rivenzon,Colombia,Audi,S8,Khaki,2003,maestro;
Dasha,Sute,Russia,Mazda,MX-5,Maroon,1999,jcb;
Brooke,Stolting,China,Chrysler,PT Cruiser,Teal,2001,jcb;
Winny,Loadman,China,Honda,del Sol,Mauv,1995,bankcard;
Siouxie,Coolahan,Portugal,Lincoln,Navigator L,Indigo,2008,mastercard;
Gae,Melding,Indonesia,Cadillac,DTS,Orange,2009,maestro;
Giuseppe,Dwine,China,Chrysler,Town & Country,Orange,1995,americanexpress;
Alberik,Mursell,China,Honda,Accord,Orange,1996,diners-club-enroute;
Johann,Crush,Sri Lanka,Mazda,323,Purple,1994,mastercard;
Rudyard,Cramphorn,France,Hyundai,Sonata,Blue,2009,jcb;
Dallis,Stokey,Honduras,Toyota,Matrix,Orange,2004,jcb;
Cordie,Staines,France,Dodge,Grand Caravan,Goldenrod,2010,jcb;
Teri,Lampard,Bosnia and Herzegovina,Volkswagen,Touareg,Green,2012,switch;
Rene,Wookey,China,Toyota,Supra,Teal,1992,switch;
Baudoin,Peevor,Philippines,Kia,Sportage,Pink,2008,china-unionpay;
Shanan,Nazer,Spain,GMC,Sonoma Club Coupe,Red,1994,jcb;
Daisi,Hawkswood,Brazil,Ford,F250,Red,1993,laser;
Weylin,Potes,Brazil,Acura,TSX,Green,2005,visa;
Nerita,Roussell,Poland,Dodge,Sprinter,Maroon,2006,jcb;
Devlen,Hovey,Indonesia,Mercury,Topaz,Crimson,1991,jcb;
Emilio,Muschette,Niger,Pontiac,LeMans,Turquoise,1993,bankcard;
Penelope,Saffen,China,Ford,Laser,Orange,1989,visa-electron;
Veronica,Sanchez,Colombia,Volkswagen,Cabriolet,Green,1991,jcb;
Gaylord,Leaning,Yemen,BMW,6 Series,Crimson,2004,jcb;
Ania,Dryburgh,China,Toyota,Highlander,Puce,2010,switch;
Lombard,Skures,China,Mercedes-Benz,SLS AMG,Pink,2012,jcb;
Antons,Agglione,Russia,Volkswagen,R32,Indigo,2009,jcb;
Heloise,Antill,Thailand,BMW,X6 M,Purple,2011,jcb;
Sheppard,Trowell,Philippines,Mercedes-Benz,Sprinter 3500,Orange,2011,diners-club-enroute;
Othelia,Alliott,Russia,Mazda,MX-5,Blue,2011,maestro;
Luke,Jerke,Russia,Pontiac,Grand Am,Violet,1989,jcb;
Daren,Steet,Poland,Chevrolet,Express 3500,Yellow,2008,americanexpress;
Codi,Fullerton,Poland,Mazda,B-Series,Yellow,1990,diners-club-enroute;
Krishna,Zorzetti,China,Lincoln,Navigator,Crimson,2006,jcb;
Doti,Hanmore,Indonesia,Nissan,Altima,Aquamarine,2011,visa-electron;
Jenni,Garlett,Poland,Chevrolet,Silverado 3500,Goldenrod,2010,visa-electron;
Sheena,Gages,Russia,Jeep,Patriot,Mauv,2010,jcb;
Denis,Prescote,Egypt,Volkswagen,GTI,Red,2002,jcb;
Maighdiln,Lillecrap,Brazil,Mazda,RX-7,Purple,1991,diners-club-carte-blanche;
Clark,Fredson,France,Lincoln,Continental,Purple,1993,switch;
Barbara,Baignard,Serbia,Maybach,57,Green,2010,jcb;
Kennie,Chaikovski,China,Audi,A8,Violet,2001,solo;
Anson,Happer,China,Chevrolet,Tahoe,Turquoise,2005,diners-club-international;
Donetta,Bjorkan,Brazil,Mercury,Sable,Yellow,1998,diners-club-carte-blanche;
Miriam,Cordelle,Poland,Toyota,Matrix,Violet,2005,jcb;
Martelle,Moy,Czech Republic,Saab,09-May,Orange,1999,jcb;
Danny,Deaville,Peru,Lexus,SC,Indigo,2006,diners-club-us-ca;
Laraine,Birkby,Portugal,Dodge,Charger,Pink,2006,diners-club-international;
Tedra,Curds,Russia,Hummer,H1,Crimson,2000,bankcard;
Bernette,Champley,Ecuador,Nissan,Armada,Purple,2009,visa-electron;
Link,Faires,Tuvalu,Infiniti,FX,Indigo,2006,jcb;
Lon,Cudbird,Namibia,Oldsmobile,Silhouette,Puce,1993,visa-electron;
Tome,Comiskey,Japan,Subaru,Forester,Teal,2006,switch;
Zeke,Gaskill,Indonesia,Dodge,Grand Caravan,Red,2001,switch;
Shawn,Scadding,Sweden,Pontiac,Montana,Blue,1999,maestro;
Silvester,Hammill,Czech Republic,Ford,Five Hundred,Purple,2006,china-unionpay;
Terrye,Bromley,China,GMC,Yukon,Violet,2003,jcb;
Harman,Blackborow,France,Toyota,Previa,Aquamarine,1991,jcb;
Eileen,Morgan,Sweden,Jeep,Wrangler,Maroon,1994,mastercard;
Maddie,Concannon,Russia,Dodge,Ram 3500,Violet,2003,visa;
Kerianne,Pascall,Brazil,GMC,Savana 2500,Teal,2006,diners-club-carte-blanche;
Irena,Pickersgill,Croatia,Chevrolet,SSR,Turquoise,2004,jcb;
Felice,Cathro,China,Ford,Escort,Khaki,1985,solo;
Timothy,Bibbie,Slovenia,Mercedes-Benz,SL-Class,Puce,1993,visa;
Aaren,Yockley,Poland,Buick,LeSabre,Orange,1991,laser;
Trevor,Pollen,Portugal,GMC,Sonoma Club,Yellow,1992,jcb;
Nat,Patty,China,GMC,Envoy,Orange,2004,switch;
Samara,Rogger,Norway,Nissan,Frontier,Goldenrod,2009,jcb;
Robenia,Burvill,Bahamas,GMC,Sonoma,Puce,1993,maestro;
Tanney,Grisewood,China,Pontiac,G5,Indigo,2009,jcb;
